{
  "success": true,
  "terms": "https:\/\/currencylayer.com\/terms",
  "privacy": "https:\/\/currencylayer.com\/privacy",
  "timestamp": 1774677547,
  "source": "USD",
  "quotes": {
    "USDAED": 3.67315,
    "USDAFN": 63.503991,
    "USDALL": 83.375041,
    "USDAMD": 377.180403,
    "USDANG": 1.790083,
    "USDAOA": 917.000367,
    "USDARS": 1383.990604,
    "USDAUD": 1.452433,
    "USDAWG": 1.8,
    "USDAZN": 1.70397,
    "USDBAM": 1.69972,
    "USDBBD": 2.014322,
    "USDBDT": 122.712716,
    "USDBGN": 1.709309,
    "USDBHD": 0.377349,
    "USDBIF": 2968.5,
    "USDBMD": 1,
    "USDBND": 1.28787,
    "USDBOB": 6.936019,
    "USDBRL": 5.255304,
    "USDBSD": 1.000117,
    "USDBTC": 1.5160497e-5,
    "USDBTN": 94.794201,
    "USDBWP": 13.787919,
    "USDBYN": 2.976987,
    "USDBYR": 19600,
    "USDBZD": 2.011341,
    "USDCAD": 1.38995,
    "USDCDF": 2282.50392,
    "USDCHF": 0.798523,
    "USDCLF": 0.023433,
    "USDCLP": 925.260396,
    "USDCNY": 6.91185,
    "USDCNH": 6.92017,
    "USDCOP": 3680.29,
    "USDCRC": 464.427092,
    "USDCUC": 1,
    "USDCUP": 26.5,
    "USDCVE": 96.12504,
    "USDCZK": 21.309304,
    "USDDJF": 177.720393,
    "USDDKK": 6.492704,
    "USDDOP": 59.72504,
    "USDDZD": 133.275765,
    "USDEGP": 52.642155,
    "USDERN": 15,
    "USDETB": 156.62504,
    "USDEUR": 0.866104,
    "USDFJD": 2.260391,
    "USDFKP": 0.749063,
    "USDGBP": 0.75375,
    "USDGEL": 2.680391,
    "USDGGP": 0.749063,
    "USDGHS": 10.97039,
    "USDGIP": 0.749063,
    "USDGMD": 73.503851,
    "USDGNF": 8780.000355,
    "USDGTQ": 7.653901,
    "USDGYD": 209.354875,
    "USDHKD": 7.82605,
    "USDHNL": 26.510388,
    "USDHRK": 6.545204,
    "USDHTG": 131.099243,
    "USDHUF": 338.020388,
    "USDIDR": 16990.8,
    "USDILS": 3.13762,
    "USDIMP": 0.749063,
    "USDINR": 94.864204,
    "USDIQD": 1310,
    "USDIRR": 1313250.000352,
    "USDISK": 124.760386,
    "USDJEP": 0.749063,
    "USDJMD": 157.422697,
    "USDJOD": 0.70904,
    "USDJPY": 160.29904,
    "USDKES": 129.903801,
    "USDKGS": 87.450384,
    "USDKHR": 4012.00035,
    "USDKMF": 428.00035,
    "USDKPW": 900.088302,
    "USDKRW": 1508.00035,
    "USDKWD": 0.30791,
    "USDKYD": 0.833446,
    "USDKZT": 483.490125,
    "USDLAK": 21900.000349,
    "USDLBP": 89550.000349,
    "USDLKR": 315.037957,
    "USDLRD": 183.625039,
    "USDLSL": 17.160381,
    "USDLTL": 2.95274,
    "USDLVL": 0.60489,
    "USDLYD": 6.375039,
    "USDMAD": 9.344504,
    "USDMDL": 17.566669,
    "USDMGA": 4175.000347,
    "USDMKD": 53.384435,
    "USDMMK": 2102.538494,
    "USDMNT": 3579.989157,
    "USDMOP": 8.069509,
    "USDMRU": 40.120379,
    "USDMUR": 46.770378,
    "USDMVR": 15.450378,
    "USDMWK": 1737.000345,
    "USDMXN": 18.121104,
    "USDMYR": 3.924039,
    "USDMZN": 63.950377,
    "USDNAD": 17.160377,
    "USDNGN": 1383.460377,
    "USDNIO": 36.720377,
    "USDNOK": 9.70286,
    "USDNPR": 151.667079,
    "USDNZD": 1.740645,
    "USDOMR": 0.385081,
    "USDPAB": 1.000109,
    "USDPEN": 3.459504,
    "USDPGK": 4.309039,
    "USDPHP": 60.550375,
    "USDPKR": 279.203701,
    "USDPLN": 3.72275,
    "USDPYG": 6538.855961,
    "USDQAR": 3.65325,
    "USDRON": 4.427304,
    "USDRSD": 101.818038,
    "USDRUB": 81.419514,
    "USDRWF": 1461,
    "USDSAR": 3.752351,
    "USDSBD": 8.042037,
    "USDSCR": 14.429246,
    "USDSDG": 601.000339,
    "USDSEK": 9.47367,
    "USDSGD": 1.292804,
    "USDSHP": 0.750259,
    "USDSLE": 24.550371,
    "USDSLL": 20969.510825,
    "USDSOS": 571.503662,
    "USDSRD": 37.601038,
    "USDSTD": 20697.981008,
    "USDSTN": 21.35,
    "USDSVC": 8.75063,
    "USDSYP": 110.526284,
    "USDSZL": 17.160369,
    "USDTHB": 32.860369,
    "USDTJS": 9.556069,
    "USDTMT": 3.5,
    "USDTND": 2.926038,
    "USDTOP": 2.40776,
    "USDTRY": 44.433404,
    "USDTTD": 6.795201,
    "USDTWD": 32.044404,
    "USDTZS": 2576.487038,
    "USDUAH": 43.837189,
    "USDUGX": 3725.687866,
    "USDUYU": 40.481115,
    "USDUZS": 12205.000334,
    "USDVES": 467.928355,
    "USDVND": 26337.5,
    "USDVUV": 119.707184,
    "USDWST": 2.754834,
    "USDXAF": 570.070221,
    "USDXAG": 0.014291,
    "USDXAU": 0.000222,
    "USDXCD": 2.70255,
    "USDXCG": 1.802452,
    "USDXDR": 0.706792,
    "USDXOF": 568.000332,
    "USDXPF": 104.103591,
    "USDYER": 238.603589,
    "USDZAR": 17.119995,
    "USDZMK": 9001.203584,
    "USDZMW": 18.826586,
    "USDZWL": 321.999592
  }
}
